{"scope.version":"2","timeline.animationMode":"quickMode","viewport.width":300,"viewport.height":600,"library.openDirectories":[],"library.GroupsPath":{},"library.downloadedAssets":{},"tool.text.optionsState":{"fontName":"Meiryo","fontSize":"32px","fontWeight":"bold","fontStyle":"normal","alignLeft":true,"alignCenter":false,"alignRight":false,"alignJustify":false,"verticalAlignCenter":false,"foreColor":"rgb(0, 0, 0)","tagName":"h1","orderedList":false,"unorderedList":false},"publish.local.flatten":true,"publish.local.minify":true,"publish.local.inlineFiles":true,"publish.local.createZip":true,"publish.local.politeLoad":true,"publish.local.exportMozilla":true,"publish.local.exportWebkit":true,"publish.local.unpackGroups":true,"publish.local.borderColor":"rgba(0,0,0,1)","publish.local.addBorder":false,"":false,"publish.local.skipLoadingDelay":false,"timeline.loopPreview":true}